{
    "loss": 0.641465405623118,
    "accuracy": 0.647887323943662,
    "kappa": 0.2897158863545418,
    "f1": 0.6121892646199779,
    "recall": 0.647887323943662,
    "precision": 0.7249814677538917
}