{
    "loss": 0.6187020540237427,
    "accuracy": 0.676056338028169,
    "kappa": 0.33428454953118636,
    "f1": 0.6394902449410912,
    "recall": 0.676056338028169,
    "precision": 0.7654948257182351
}