{
    "loss": 0.9293138384819031,
    "accuracy": 0.8169014084507042,
    "kappa": 0.640716231996886,
    "f1": 0.8021768293930422,
    "recall": 0.8169014084507042,
    "precision": 0.7993074727434374
}