{
    "loss": 0.919067402680715,
    "accuracy": 0.8028169014084507,
    "kappa": 0.619448698315467,
    "f1": 0.7858039906103286,
    "recall": 0.8028169014084507,
    "precision": 0.7696161017139519
}